﻿Designator,Footprint,Quantity,Value,LCSC Part #
"C1, C2, C3, C6",CP_Elec_3x5.3,4,0.1uF_0603_16V,
"C4, C5",CP_Elec_3x5.3,2,1uF_0603_16V,
"D1, D2, D3, D4, D5",LED_Inolux_IN-PI554FCH_PLCC4_5.0x5.0mm_P3.2mm,5,NeoPixel_THT,
"J1, J2, J3, J4, J5, J6, J7",CUI_RCJ-041,7,RCJ-041,
N1,DBV5-M,1,~,
R1,PTA6043-2015DP-B103,1,PTA6043-2015DP-B103,
R10,0402,1,680k,
"R11, R12",RES_ERJ2RKF75R0X,2,75,
R14,R_Axial_DIN0207_L6.3mm_D2.5mm_P10.16mm_Horizontal,1,100ohm,
R15,R_Axial_DIN0207_L6.3mm_D2.5mm_P10.16mm_Horizontal,1,75,
R2,0201,1,1k,
"R3, R4, R5, R6, R7, R8, R9",0402,7,1k,
"SW1, SW2, SW3, SW4, SW5, SW6",RotaryEncoder_Alps_EC11E-Switch_Vertical_H20mm,6,RotaryEncoder,
"SW10, SW11, SW12, SW13",SW_PUSH_6mm,4,Push_Button,
"TP10, TP11, TP12, TP13, TP4, TP5, TP6, TP8, TP9",TestPoint_Pad_D1.5mm,9,TestPoint,
"TP2, TP3",TestPoint_Pad_2.0x2.0mm,2,TestPoint,
U1,QFN-28-1EP_6x6mm_P0.65mm_EP4.25x4.25mm,1,MCP23017_ML,
U2,N16,1,CD4051B,
U4,N08E_TEX,1,LM1881N,
U5,21-0036_U8&plus_1_MXM,1,MAX4392EUA_T,
U6,QFN-20-1EP_4x4mm_P0.5mm_EP2.7x2.7mm,1,MCP23008-xML,
U7,TSSOP-20_4.4x6.5mm_P0.65mm,1,ADG734,
U8,MODULE_RP2040-ZERO,1,RP2040-ZERO,
